1;Leokadia;Lach;ll35804@klient.biblioteka.pl;nłę_ź$ók0__ptkmpń;661817424
2;Fryderyk;Czech;fc11446@klient.biblioteka.pl;1rp@o025hda;258902946
3;Brajan;Świątek;bś76060@klient.biblioteka.pl;ństwhi@zz;941392115
4;Alina;Zielińska;az47185@klient.biblioteka.pl;c27vc?8yjć!;189794434
5;Przemysław;Borowiec;pb52095@klient.biblioteka.pl;drl?ićo&ą@fp%sf;694129391
6;Kacper;Kędzierski;kk73899@klient.biblioteka.pl;2xpsź1*#źf7q;500142655
7;Arkadiusz;Bieniek;ab79455@klient.biblioteka.pl;ży?śęjvl&fwn;664289931
8;Samanta;Więcek;sw26145@klient.biblioteka.pl;ń8ełvnxeą04@&k&ou;653522997
9;Hanna;Wieczorek;hw59682@klient.biblioteka.pl;&&ynłxuś4ł*g;594028638
10;Kacper;Janus;kj25722@klient.biblioteka.pl;łake^śęó;956039951
11;Maximilian;Przybylski;mp30803@klient.biblioteka.pl;c^4!&ę&sosoatnii^ź;555224662
12;Marcin;Kulig;mk42863@klient.biblioteka.pl;7ć!ak3u60ź%n;952140012
13;Honorata;Kaczmarczyk;hk64544@klient.biblioteka.pl;5isgakńźuf;202745488
14;Alicja;Marek;am48503@klient.biblioteka.pl;fżxążżdózwźld;391269808
15;Gertruda;Przybylska;gp64539@klient.biblioteka.pl;ju2f151-łęhcf&t;378970599
16;Klara;Wesołowska;kw82060@klient.biblioteka.pl;óło!łeąxó;671246967
17;Sonia;Jastrzębska;sj43007@klient.biblioteka.pl;zzżn*z1-b;832314455
18;Witold;Czyżewski;wc50343@klient.biblioteka.pl;ouńzhń1ćńąoh$kó;440950439
19;Bartłomiej;Jurek;bj88270@klient.biblioteka.pl;smźbja6p2n;785111690
20;Kamil;Chmielewski;kc56420@klient.biblioteka.pl;o%l4iumy6gkytd5^z^;711026121
21;Konrad;Podgórski;kp81331@klient.biblioteka.pl;obi^rrf$dmó^8ąńżą3oę;656120369
22;Vladyslav;Kuś;vk59133@klient.biblioteka.pl;ę4lgłdą3g9cevćgy;726063787
23;Natalia;Nowakowska;nn71812@klient.biblioteka.pl;#-*kf1zpwćźqś38;552834904
24;Ryszard;Winiarski;rw59326@klient.biblioteka.pl;c93?-2śkąqoż$l-?hrr;812430940
25;Emilia;Orzechowska;eo32078@klient.biblioteka.pl;fpbsń5q@gpżtir0x$!;804062667
26;Alicja;Buczek;ab36936@klient.biblioteka.pl;#fyłęnhs0oż_dmfąlań;500457400
27;Marcelina;Górniak;mg41174@klient.biblioteka.pl;m26ąąp8k-9^uywą?0pó;483927965
28;Malwina;Michalak;mm32066@klient.biblioteka.pl;c$_oęąguo-k;874568531
29;Pavel;Chrzanowski;pc36186@klient.biblioteka.pl;s4q^8!źętfwy-;690701021
30;Alfons;Matysiak;am67214@klient.biblioteka.pl;śvyyki!$ę;528203975
31;Thomas;Kubacki;tk90077@klient.biblioteka.pl;$psę@ą*$b71uxzo&ł^!h;575175033
32;Artem;Tkaczyk;at32736@klient.biblioteka.pl;jqśol0d%uo^&2nvł0o!g;947733378
33;Matylda;Wolak;mw49693@klient.biblioteka.pl;ż&ęaaż4xśc#wmożl5nż?;125485090
34;Faustyna;Cholewa;fc03633@klient.biblioteka.pl;ćqv64^udt9;939851021
35;Klaudiusz;Gąsiorowski;kg27654@klient.biblioteka.pl;dć8kfoźn;128460521
36;Roksana;Sobczyk;rs60932@klient.biblioteka.pl;#eźą5#5ąź!p%*;836174812
37;Emma;Olejniczak;eo94620@klient.biblioteka.pl;hż2@m6y%żęrpy;972709282
38;Wacława;Dębska;wd10953@klient.biblioteka.pl;mkżzśfżpń;586247219
39;Felicja;Bielecka;fb47276@klient.biblioteka.pl;ezźushaęn;959177213
40;Józefa;Głowacka;jg35819@klient.biblioteka.pl;_ep3c3?&^4;283475939
41;Oktawian;Krajewski;ok44357@klient.biblioteka.pl;żo5@xn$bó402cć@;964744669
42;Wiktor;Sobolewski;ws17522@klient.biblioteka.pl;yylgc#2pjcż@78$ł*;372841089
43;Romuald;Szymczyk;rs32343@klient.biblioteka.pl;rka*soaźp#n@lóub_e%n;471505684
44;Nicolas;Karaś;nk88085@klient.biblioteka.pl;pagx$y0kósxhb_;195986037
45;Arleta;Buczek;ab23314@klient.biblioteka.pl;663q_pw?;322838775
46;Matylda;Janicka;mj80905@klient.biblioteka.pl;jsń7kesję6źl;322297353
47;Bogusław;Augustyniak;ba27008@klient.biblioteka.pl;bvgźyś0#11ijad8w;825360865
48;Beata;Górka;bg95898@klient.biblioteka.pl;v-ąhrrł44ć0y2*ukć;407892879
49;Victoria;Czyżewska;vc34195@klient.biblioteka.pl;i7_6?hvx;679371109
50;Hieronim;Kubicki;hk09889@klient.biblioteka.pl;-óu7śyd88aąy^^jłś;858499721
51;Władysława;Szcześniak;ws92462@klient.biblioteka.pl;q5r9yjiqq-??cqk;437311859
52;Nikola;Strzelczyk;ns17554@klient.biblioteka.pl;łgpu48y$9*^jąqk0ę;505180668
53;Jacek;Zawada;jz53673@klient.biblioteka.pl;hkxb*rbxł;695717907
54;Roman;Trojanowski;rt46201@klient.biblioteka.pl;wb&ftłdoe;831660941
55;Feliks;Owczarek;fo83376@klient.biblioteka.pl;h2o7r$ł0!;652504397
56;Łucja;Mikołajczyk;łm43607@klient.biblioteka.pl;śhai5#pżłń6x&vjq0bhd;532716835
57;Marianna;Adamska;ma40015@klient.biblioteka.pl;żkążitss^5%óx;304951619
58;Leokadia;Ratajczak;lr02682@klient.biblioteka.pl;ępkq&ąhv*q2óu#qłx!ys;702708975
59;Yevhenii;Sienkiewicz;ys79870@klient.biblioteka.pl;śś4óąśzd7-żsx8;483257532
60;Nataniel;Gołębiewski;ng09839@klient.biblioteka.pl;jpź-odo!żćk;960729294
61;Teodora;Rzepka;tr51540@klient.biblioteka.pl;q5lźa_ź8ckzóo-łśśź;860712126
62;Regina;Sobczak;rs28933@klient.biblioteka.pl;2daśv-żłjj8kó;589670936
63;Leokadia;Woźniak;lw51695@klient.biblioteka.pl;0ńójldzlg;688354211
64;Faustyna;Baranowska;fb11972@klient.biblioteka.pl;0ł#6e$źz5;128525539
65;Gerard;Grochowski;gg54498@klient.biblioteka.pl;eg!*naxupiqżd;488323304
66;Krzysztof;Olejniczak;ko58824@klient.biblioteka.pl;5nhipłż%4km;632613452
67;Oliwier;Mielczarek;om51571@klient.biblioteka.pl;óźi3t*żt1vź?ą;804050195
68;Dariusz;Domański;dd92447@klient.biblioteka.pl;d6!!6lk@ż*6ńnmqz;685645011
69;Vadym;Kot;vk13647@klient.biblioteka.pl;lśkqp?f_ź3ły8ie;887966805
70;Alfred;Kubiak;ak81765@klient.biblioteka.pl;fy$iąńtqmeg;349074927
71;Grażyna;Mierzejewska;gm28156@klient.biblioteka.pl;ńhę1xuźe;669537838
72;Eryk;Olszewski;eo01009@klient.biblioteka.pl;cż0tz1hqffu&1zhkq;999694579
73;Bianka;Sobczyk;bs81521@klient.biblioteka.pl;8óh6ą7wt9%rnł;564588534
74;Żaneta;Drozdowska;żd48322@klient.biblioteka.pl;@dpohrą85ctąąioqńń?ś;862650337
75;Kaja;Kot;kk95336@klient.biblioteka.pl;ć#$vg8fz$*sxes$jśw;708538923
76;Bogusława;Kaleta;bk06215@klient.biblioteka.pl;4v^mósćr?yzurrb;391009140
77;Olimpia;Lipska;ol82131@klient.biblioteka.pl;q9csojs#!30ś#3fzpfb-;157405987
78;Mirosław;Michalik;mm61026@klient.biblioteka.pl;dż!nćąj2?h12y#fla;392333849
79;Szczepan;Maciejewski;sm64870@klient.biblioteka.pl;ś4htd#ćąlfi4ky%j3;471769387
80;Oliver;Rudnicki;or22899@klient.biblioteka.pl;^o%sył0yy;492352782
81;Vasyl;Bagiński;vb47039@klient.biblioteka.pl;i#!nmńhy;142845072
82;Olgierd;Morawski;om01239@klient.biblioteka.pl;^af-it3@_3ąwgkcyńób;359188380
83;Filip;Nowicki;fn20720@klient.biblioteka.pl;gżv1ś6go;411286280
84;Inna;Walczak;iw08020@klient.biblioteka.pl;@ąń$h#!óe6x%;199088409
85;Bogumił;Gruszka;bg57574@klient.biblioteka.pl;^@ażlxłp5oq5ćxf87tx6;810044793
86;Lesław;Masłowski;lm35391@klient.biblioteka.pl;ćśg$@f&!ź6c6ćmęś;970388536
87;Liliana;Pawelec;lp24028@klient.biblioteka.pl;łąźuś8hoópcfq4;880374526
88;Ludwik;Biernacki;lb29002@klient.biblioteka.pl;7ńyó?%?klms$72lł;511509166
89;Halina;Rusin;hr29904@klient.biblioteka.pl;6akż0ę3x$łgp?żk;925541138
90;Tetiana;Góral;tg75723@klient.biblioteka.pl;gxełcvv-rp%ią;867312197
91;Marcel;Kmiecik;mk01677@klient.biblioteka.pl;&nyotńaźpf18;411043345
92;Liubov;Skowron;ls13187@klient.biblioteka.pl;wesv@dt$xoś;984369428
93;Alojzy;Kopczyński;ak16985@klient.biblioteka.pl;v0ćv$ęłńjudłgb3%;123918155
94;Monika;Banaś;mb83958@klient.biblioteka.pl;$c5ćźjótąąślśp0ómc0;342704439
95;Cezary;Krzemiński;ck54937@klient.biblioteka.pl;e%k$5o51-;301451648
96;Teresa;Marciniak;tm29991@klient.biblioteka.pl;ęgt9iad@tma#ąo;175136193
97;Kamil;Grzybowski;kg41001@klient.biblioteka.pl;srztęcty^8ięqe1o-fźń;638880825
98;Brunon;Różański;br08363@klient.biblioteka.pl;błć4zkźgś;709910477
99;Svitlana;Witek;sw44496@klient.biblioteka.pl;s&mirjgo!;745639445
100;Władysław;Zawada;wz83567@klient.biblioteka.pl;3cą$!_pz9822wm;336466928
